Data;24371 - Empregados no setor privado e público - PNADC - Unidades (mil);24372 - Empregados no setor público - PNADC - Unidades (mil);24373 - Empregado por conta própria - PNADC - Unidades (mil);24375 - Empregados no setor privado - Com carteira - PNADC - Unidades (mil);24376 - Empregados no setor privado - Sem Carteira - PNADC - Unidades (mil);24377 - Empregados no setor privado - Total - PNADC - Unidades (mil)
03/2012;62.105 ;10.767 ;20.174 ;34.262 ;11.122 ;45.384
04/2012;62.586 ;10.884 ;20.205 ;34.574 ;11.180 ;45.754
05/2012;62.927 ;10.925 ;20.165 ;34.759 ;11.244 ;46.003
06/2012;63.299 ;11.031 ;19.930 ;35.004 ;11.265 ;46.269
07/2012;63.523 ;11.119 ;19.843 ;35.120 ;11.293 ;46.413
08/2012;63.818 ;11.205 ;19.837 ;35.296 ;11.322 ;46.618
09/2012;64.058 ;11.159 ;19.883 ;35.477 ;11.432 ;46.909
10/2012;64.140 ;11.127 ;20.020 ;35.626 ;11.431 ;47.057
11/2012;64.056 ;11.040 ;20.120 ;35.669 ;11.384 ;47.053
12/2012;63.932 ;10.904 ;20.228 ;35.880 ;11.153 ;47.033
01/2013;63.692 ;10.690 ;20.176 ;35.945 ;11.057 ;47.002
02/2013;63.528 ;10.622 ;20.018 ;35.931 ;11.018 ;46.949
03/2013;63.263 ;10.658 ;20.083 ;35.645 ;11.035 ;46.680
04/2013;63.519 ;10.861 ;20.150 ;35.706 ;11.017 ;46.723
05/2013;63.794 ;10.908 ;20.355 ;35.943 ;11.007 ;46.950
06/2013;63.983 ;11.048 ;20.421 ;36.059 ;11.052 ;47.111
07/2013;64.170 ;11.095 ;20.512 ;36.290 ;10.969 ;47.259
08/2013;64.358 ;11.127 ;20.522 ;36.400 ;11.098 ;47.498
09/2013;64.572 ;11.090 ;20.587 ;36.571 ;11.104 ;47.675
10/2013;64.754 ;11.093 ;20.543 ;36.819 ;11.036 ;47.855
11/2013;64.906 ;11.089 ;20.661 ;36.959 ;11.007 ;47.966
12/2013;64.806 ;10.994 ;20.885 ;37.062 ;10.915 ;47.977
01/2014;64.557 ;10.865 ;20.921 ;37.067 ;10.810 ;47.877
02/2014;64.540 ;10.839 ;20.813 ;37.226 ;10.668 ;47.894
03/2014;64.689 ;10.956 ;20.533 ;37.333 ;10.626 ;47.959
04/2014;65.004 ;11.121 ;20.494 ;37.539 ;10.564 ;48.103
05/2014;65.085 ;11.196 ;20.669 ;37.563 ;10.532 ;48.095
06/2014;65.223 ;11.132 ;20.656 ;37.765 ;10.477 ;48.242
07/2014;65.065 ;11.190 ;20.800 ;37.594 ;10.431 ;48.025
08/2014;64.996 ;11.269 ;20.790 ;37.555 ;10.372 ;47.927
09/2014;65.174 ;11.327 ;21.031 ;37.601 ;10.419 ;48.020
10/2014;65.337 ;11.421 ;21.114 ;37.518 ;10.571 ;48.089
11/2014;65.419 ;11.391 ;21.184 ;37.562 ;10.636 ;48.198
12/2014;65.316 ;11.329 ;21.283 ;37.529 ;10.658 ;48.187
01/2015;65.074 ;11.147 ;21.248 ;37.542 ;10.565 ;48.107
02/2015;64.596 ;11.061 ;21.224 ;37.288 ;10.391 ;47.679
03/2015;64.137 ;11.031 ;21.244 ;37.051 ;10.218 ;47.269
04/2015;64.224 ;11.159 ;21.404 ;37.068 ;10.191 ;47.259
05/2015;64.165 ;11.138 ;21.521 ;36.979 ;10.248 ;47.227
06/2015;64.152 ;11.156 ;21.562 ;36.926 ;10.249 ;47.175
07/2015;64.047 ;11.191 ;21.612 ;36.746 ;10.241 ;46.987
08/2015;63.932 ;11.261 ;21.641 ;36.546 ;10.264 ;46.810
09/2015;63.923 ;11.271 ;21.726 ;36.456 ;10.354 ;46.810
10/2015;63.984 ;11.236 ;21.962 ;36.404 ;10.376 ;46.780
11/2015;63.894 ;11.116 ;22.119 ;36.455 ;10.276 ;46.731
12/2015;63.793 ;11.056 ;22.420 ;36.422 ;10.210 ;46.632
01/2016;63.162 ;10.936 ;22.637 ;36.199 ;9.956 ;46.155
02/2016;62.601 ;10.780 ;22.814 ;35.887 ;9.886 ;45.773
03/2016;62.237 ;10.693 ;22.719 ;35.577 ;9.904 ;45.481
04/2016;62.348 ;10.787 ;22.484 ;35.392 ;10.119 ;45.511
05/2016;62.481 ;10.884 ;22.474 ;35.284 ;10.212 ;45.496
06/2016;62.563 ;11.004 ;22.412 ;35.269 ;10.233 ;45.502
07/2016;62.421 ;10.953 ;22.131 ;35.159 ;10.307 ;45.466
08/2016;62.429 ;11.087 ;21.765 ;35.014 ;10.375 ;45.389
09/2016;62.403 ;11.072 ;21.417 ;34.938 ;10.434 ;45.372
10/2016;62.509 ;11.131 ;21.319 ;34.866 ;10.538 ;45.404
11/2016;62.533 ;11.142 ;21.493 ;34.865 ;10.610 ;45.475
12/2016;62.379 ;10.964 ;21.685 ;34.792 ;10.676 ;45.468
01/2017;61.765 ;10.700 ;21.774 ;34.632 ;10.545 ;45.177
02/2017;61.304 ;10.552 ;21.766 ;34.493 ;10.383 ;44.876
03/2017;60.964 ;10.586 ;21.716 ;34.204 ;10.301 ;44.505
04/2017;61.127 ;10.731 ;21.885 ;34.072 ;10.393 ;44.465
05/2017;61.493 ;10.883 ;21.985 ;34.031 ;10.620 ;44.651
06/2017;61.860 ;11.028 ;22.108 ;34.129 ;10.775 ;44.904
07/2017;62.047 ;11.157 ;22.221 ;34.115 ;10.872 ;44.987
08/2017;62.239 ;11.182 ;22.442 ;34.215 ;10.912 ;45.127
09/2017;62.408 ;11.206 ;22.503 ;34.126 ;11.087 ;45.213
10/2017;62.659 ;11.248 ;22.567 ;34.185 ;11.158 ;45.343
11/2017;62.886 ;11.270 ;22.643 ;34.128 ;11.358 ;45.486
12/2017;62.923 ;11.193 ;22.819 ;34.243 ;11.319 ;45.562
01/2018;62.597 ;11.033 ;22.794 ;34.238 ;11.196 ;45.434
02/2018;62.107 ;10.927 ;22.765 ;34.102 ;10.982 ;45.084
03/2018;61.825 ;10.963 ;22.605 ;33.895 ;10.954 ;44.849
04/2018;61.981 ;11.093 ;22.669 ;33.739 ;11.175 ;44.914
05/2018;62.257 ;11.206 ;22.573 ;33.765 ;11.341 ;45.106
06/2018;62.420 ;11.324 ;22.675 ;33.809 ;11.249 ;45.058
07/2018;62.792 ;11.377 ;22.721 ;33.986 ;11.347 ;45.333
08/2018;63.015 ;11.446 ;22.886 ;34.007 ;11.446 ;45.453
09/2018;63.333 ;11.464 ;23.094 ;34.020 ;11.769 ;45.789
10/2018;63.467 ;11.457 ;23.237 ;34.035 ;11.903 ;45.938
11/2018;63.622 ;11.499 ;23.445 ;34.099 ;11.967 ;46.066
12/2018;63.457 ;11.376 ;23.512 ;34.189 ;11.826 ;46.015
01/2019;62.942 ;11.229 ;23.559 ;34.100 ;11.580 ;45.680
02/2019;62.625 ;11.055 ;23.463 ;34.203 ;11.399 ;45.602
03/2019;62.648 ;11.131 ;23.483 ;34.133 ;11.466 ;45.599
04/2019;63.164 ;11.241 ;23.638 ;34.372 ;11.584 ;45.956
05/2019;63.527 ;11.321 ;23.760 ;34.436 ;11.757 ;46.193
06/2019;63.828 ;11.435 ;23.866 ;34.430 ;11.883 ;46.313
07/2019;63.995 ;11.497 ;23.952 ;34.354 ;12.042 ;46.396
08/2019;64.052 ;11.459 ;24.024 ;34.299 ;12.178 ;46.477
09/2019;64.155 ;11.483 ;24.191 ;34.342 ;12.214 ;46.556
10/2019;64.373 ;11.471 ;24.196 ;34.503 ;12.252 ;46.755
11/2019;64.581 ;11.485 ;24.378 ;34.701 ;12.213 ;46.914
12/2019;64.795 ;11.416 ;24.336 ;34.953 ;12.255 ;47.208
01/2020;64.468 ;11.297 ;24.349 ;35.030 ;12.053 ;47.083
02/2020;64.147 ;11.151 ;24.232 ;34.930 ;12.028 ;46.958
03/2020;63.003 ;11.389 ;23.873 ;34.398 ;11.429 ;45.827
04/2020;61.035 ;11.604 ;23.084 ;33.546 ;10.550 ;44.096
05/2020;58.789 ;11.889 ;22.096 ;32.425 ;9.634 ;42.059
06/2020;56.999 ;11.949 ;21.347 ;31.484 ;9.041 ;40.525
07/2020;55.893 ;11.693 ;21.107 ;30.679 ;9.119 ;39.798
08/2020;55.590 ;11.506 ;21.256 ;30.499 ;9.225 ;39.724
09/2020;56.187 ;11.418 ;21.498 ;30.856 ;9.496 ;40.352
10/2020;57.363 ;11.549 ;22.141 ;31.325 ;9.980 ;41.305
11/2020;58.124 ;11.704 ;22.609 ;31.580 ;10.260 ;41.840
12/2020;58.459 ;11.680 ;22.946 ;31.592 ;10.522 ;42.114
01/2021;58.231 ;11.577 ;23.182 ;31.630 ;10.334 ;41.964
02/2021;58.214 ;11.552 ;23.346 ;31.612 ;10.361 ;41.973
03/2021;57.881 ;11.409 ;23.560 ;31.515 ;10.244 ;41.759
04/2021;58.028 ;11.414 ;23.830 ;31.587 ;10.323 ;41.910
05/2021;58.432 ;11.536 ;24.123 ;31.745 ;10.358 ;42.103
06/2021;59.068 ;11.459 ;24.643 ;32.098 ;10.605 ;42.703
07/2021;60.021 ;11.438 ;25.000 ;32.552 ;10.918 ;43.470
08/2021;60.760 ;11.230 ;25.253 ;32.894 ;11.342 ;44.236
09/2021;61.724 ;11.168 ;25.461 ;33.508 ;11.691 ;45.199
10/2021;62.497 ;11.152 ;25.638 ;33.876 ;11.956 ;45.832
11/2021;63.287 ;11.275 ;25.841 ;34.224 ;12.179 ;46.403
12/2021;64.010 ;11.375 ;25.944 ;34.495 ;12.443 ;46.938
Fonte;IBGE;IBGE;IBGE;IBGE;IBGE;IBGE
